{"cameraMode":{"drawMode":0,"name":"Shaded","section":"Shading Mode"},"sceneLighting":false,"audioPlay":false,"sceneViewState":{"showFog":true,"showMaterialUpdate":false,"showSkybox":false,"showFlares":true,"showImageEffects":true,"showParticleSystems":true},"in2DMode":false,"pivot":{"x":76.31576538085938,"y":-137.1251983642578,"z":230.14816284179688},"rotation":{"x":-0.24468813836574555,"y":-0.16227762401103974,"z":0.04155084863305092,"w":-0.9550343751907349},"size":153.61480712890626,"orthographic":false}