{"cameraMode":{"drawMode":0,"name":"Shaded","section":"Shading Mode"},"sceneLighting":false,"audioPlay":false,"sceneViewState":{"showFog":false,"showMaterialUpdate":false,"showSkybox":false,"showFlares":false,"showImageEffects":false,"showParticleSystems":false},"in2DMode":false,"pivot":{"x":-42.4174919128418,"y":77.28852844238281,"z":124.58124542236328},"rotation":{"x":-0.3884645104408264,"y":0.05055791512131691,"z":-0.02135271579027176,"w":-0.9198300838470459},"size":9.78918170928955,"orthographic":false}