{"cameraMode":{"drawMode":0,"name":"Shaded","section":"Shading Mode"},"sceneLighting":false,"audioPlay":false,"sceneViewState":{"showFog":true,"showMaterialUpdate":false,"showSkybox":false,"showFlares":true,"showImageEffects":true,"showParticleSystems":true},"in2DMode":false,"pivot":{"x":0.15700000524520875,"y":0.05900000035762787,"z":-0.257999986410141},"rotation":{"x":-0.24997638165950776,"y":-0.1377079337835312,"z":0.03593995049595833,"w":-0.9577419757843018},"size":10.0,"orthographic":false}