{"cameraMode":{"drawMode":0,"name":"Shaded","section":"Shading Mode"},"sceneLighting":false,"audioPlay":false,"sceneViewState":{"showFog":false,"showMaterialUpdate":false,"showSkybox":false,"showFlares":false,"showImageEffects":false,"showParticleSystems":false},"in2DMode":false,"pivot":{"x":0.242950439453125,"y":-13.596271514892579,"z":0.45452117919921877},"rotation":{"x":-0.42699676752090456,"y":-0.16316787898540498,"z":0.07860361784696579,"w":-0.8859741687774658},"size":102.47389221191406,"orthographic":false}