{"cameraMode":{"drawMode":0,"name":"Shaded","section":"Shading Mode"},"sceneLighting":false,"audioPlay":false,"sceneViewState":{"showFog":true,"showMaterialUpdate":false,"showSkybox":false,"showFlares":true,"showImageEffects":true,"showParticleSystems":true},"in2DMode":false,"pivot":{"x":-165.529052734375,"y":-89.68836212158203,"z":272.6958312988281},"rotation":{"x":-0.13712355494499207,"y":0.2651582956314087,"z":-0.0381278321146965,"w":-0.9536522626876831},"size":176.93409729003907,"orthographic":false}