{"cameraMode":{"drawMode":0,"name":"Shaded","section":"Shading Mode"},"sceneLighting":true,"audioPlay":false,"sceneViewState":{"showFog":true,"showMaterialUpdate":false,"showSkybox":false,"showFlares":true,"showImageEffects":true,"showParticleSystems":true},"in2DMode":false,"pivot":{"x":4.402487754821777,"y":-3.988598108291626,"z":1.8119029998779297},"rotation":{"x":0.2989206612110138,"y":0.4147486090660095,"z":-0.14638619124889375,"w":0.846890926361084},"size":8.937846183776856,"orthographic":false}