{"cameraMode":{"drawMode":0,"name":"Shaded","section":"Shading Mode"},"sceneLighting":true,"audioPlay":false,"sceneViewState":{"showFog":true,"showMaterialUpdate":false,"showSkybox":true,"showFlares":true,"showImageEffects":true,"showParticleSystems":true},"in2DMode":false,"pivot":{"x":-20.415245056152345,"y":-182.71597290039063,"z":-463.208251953125},"rotation":{"x":-0.006266482174396515,"y":0.9832045435905457,"z":-0.1792287528514862,"w":-0.03452976420521736},"size":345.1233825683594,"orthographic":false}