{"cameraMode":{"drawMode":0,"name":"Shaded","section":"Shading Mode"},"sceneLighting":false,"audioPlay":false,"sceneViewState":{"showFog":false,"showMaterialUpdate":false,"showSkybox":false,"showFlares":false,"showImageEffects":false,"showParticleSystems":false},"in2DMode":false,"pivot":{"x":0.242950439453125,"y":-13.596271514892579,"z":0.45452117919921877},"rotation":{"x":0.39120033383369448,"y":0.36180809140205386,"z":-0.17076967656612397,"w":0.828804612159729},"size":103.20391082763672,"orthographic":false}