{"cameraMode":{"drawMode":0,"name":"Shaded","section":"Shading Mode"},"sceneLighting":true,"audioPlay":false,"sceneViewState":{"showFog":true,"showMaterialUpdate":false,"showSkybox":true,"showFlares":true,"showImageEffects":true,"showParticleSystems":true},"in2DMode":false,"pivot":{"x":328.23553466796877,"y":152.52749633789063,"z":-17.574462890625},"rotation":{"x":0.01819351129233837,"y":0.9818044304847717,"z":-0.13216452300548554,"w":0.13515526056289674},"size":602.908935546875,"orthographic":false}