{"cameraMode":{"drawMode":0,"name":"Shaded","section":"Shading Mode"},"sceneLighting":false,"audioPlay":false,"sceneViewState":{"showFog":true,"showMaterialUpdate":false,"showSkybox":false,"showFlares":true,"showImageEffects":true,"showParticleSystems":true},"in2DMode":false,"pivot":{"x":14.290216445922852,"y":-110.57434844970703,"z":276.24786376953127},"rotation":{"x":-0.18665491044521333,"y":-0.023879433050751687,"z":0.004512563813477755,"w":-0.9821369647979736},"size":153.61480712890626,"orthographic":false}