{"cameraMode":{"drawMode":0,"name":"Shaded","section":"Shading Mode"},"sceneLighting":true,"audioPlay":false,"sceneViewState":{"showFog":true,"showMaterialUpdate":false,"showSkybox":true,"showFlares":true,"showImageEffects":true,"showParticleSystems":true},"in2DMode":false,"pivot":{"x":-24.098066329956056,"y":-327.91131591796877,"z":-382.9214782714844},"rotation":{"x":-0.00997267384082079,"y":0.9497660994529724,"z":-0.311383992433548,"w":-0.030506743118166925},"size":287.8259582519531,"orthographic":false}