{"cameraMode":{"drawMode":0,"name":"Shaded","section":"Shading Mode"},"sceneLighting":false,"audioPlay":false,"sceneViewState":{"showFog":true,"showMaterialUpdate":false,"showSkybox":false,"showFlares":true,"showImageEffects":true,"showParticleSystems":true},"in2DMode":false,"pivot":{"x":-159.04959106445313,"y":-89.37103271484375,"z":276.7086486816406},"rotation":{"x":-0.13712355494499207,"y":0.2651582956314087,"z":-0.0381278321146965,"w":-0.9536522626876831},"size":189.8332061767578,"orthographic":false}