{"cameraMode":{"drawMode":0,"name":"Shaded","section":"Shading Mode"},"sceneLighting":true,"audioPlay":false,"sceneViewState":{"showFog":true,"showMaterialUpdate":false,"showSkybox":true,"showFlares":true,"showImageEffects":true,"showParticleSystems":true},"in2DMode":false,"pivot":{"x":361.35504150390627,"y":131.66090393066407,"z":211.80618286132813},"rotation":{"x":-0.04379604756832123,"y":-0.00030440851696766913,"z":0.000009776126717042644,"w":-0.9990488290786743},"size":287.8259582519531,"orthographic":false}