{"cameraMode":{"drawMode":0,"name":"Shaded","section":"Shading Mode"},"sceneLighting":true,"audioPlay":false,"sceneViewState":{"showFog":true,"showMaterialUpdate":false,"showSkybox":true,"showFlares":true,"showImageEffects":true,"showParticleSystems":true},"in2DMode":false,"pivot":{"x":-34.917137145996097,"y":-161.07704162597657,"z":-469.3690490722656},"rotation":{"x":-0.005940441507846117,"y":0.985974907875061,"z":-0.16297349333763123,"w":-0.03610745817422867},"size":308.6233825683594,"orthographic":false}