{"cameraMode":{"drawMode":0,"name":"Shaded","section":"Shading Mode"},"sceneLighting":false,"audioPlay":false,"sceneViewState":{"showFog":true,"showMaterialUpdate":false,"showSkybox":false,"showFlares":true,"showImageEffects":true,"showParticleSystems":true},"in2DMode":false,"pivot":{"x":8.8924560546875,"y":3.937103748321533,"z":-5.904636383056641},"rotation":{"x":-0.25091856718063357,"y":0.39826762676239016,"z":-0.11422677338123322,"w":-0.8748697638511658},"size":2.666025161743164,"orthographic":false}