{"cameraMode":{"drawMode":0,"name":"Shaded","section":"Shading Mode"},"sceneLighting":false,"audioPlay":false,"sceneViewState":{"showFog":true,"showMaterialUpdate":false,"showSkybox":false,"showFlares":true,"showImageEffects":true,"showParticleSystems":true},"in2DMode":false,"pivot":{"x":-0.020981788635253907,"y":0.556999921798706,"z":-10.649999618530274},"rotation":{"x":-0.17120882868766786,"y":0.15709510445594788,"z":-0.02766546979546547,"w":-0.9722456932067871},"size":6.290712356567383,"orthographic":false}