{"cameraMode":{"drawMode":0,"name":"Shaded","section":"Shading Mode"},"sceneLighting":true,"audioPlay":false,"sceneViewState":{"showFog":true,"showMaterialUpdate":false,"showSkybox":true,"showFlares":true,"showImageEffects":true,"showParticleSystems":true},"in2DMode":false,"pivot":{"x":1.1920928955078126e-7,"y":0.0,"z":-2.384185791015625e-7},"rotation":{"x":0.04240649938583374,"y":-0.6913546919822693,"z":0.040697574615478519,"w":0.7201425433158875},"size":41.94666290283203,"orthographic":false}