{"cameraMode":{"drawMode":0,"name":"Shaded","section":"Shading Mode"},"sceneLighting":true,"audioPlay":false,"sceneViewState":{"showFog":true,"showMaterialUpdate":false,"showSkybox":true,"showFlares":true,"showImageEffects":true,"showParticleSystems":true},"in2DMode":false,"pivot":{"x":4.211336612701416,"y":0.6568605899810791,"z":2.768202781677246},"rotation":{"x":0.047806236892938617,"y":-0.6910297274589539,"z":0.04588163644075394,"w":0.719804584980011},"size":1.2927613258361817,"orthographic":false}