{"cameraMode":{"drawMode":0,"name":"Shaded","section":"Shading Mode"},"sceneLighting":false,"audioPlay":false,"sceneViewState":{"showFog":true,"showMaterialUpdate":false,"showSkybox":false,"showFlares":true,"showImageEffects":true,"showParticleSystems":true},"in2DMode":false,"pivot":{"x":-0.3453187346458435,"y":3.2544913291931154,"z":-0.026021957397460939},"rotation":{"x":0.0007020662887953222,"y":0.9978513121604919,"z":-0.06476102024316788,"w":0.010778193362057209},"size":7.223553657531738,"orthographic":false}