{"cameraMode":{"drawMode":0,"name":"Shaded","section":"Shading Mode"},"sceneLighting":false,"audioPlay":false,"sceneViewState":{"showFog":true,"showMaterialUpdate":false,"showSkybox":false,"showFlares":true,"showImageEffects":true,"showParticleSystems":true},"in2DMode":false,"pivot":{"x":-70.71907806396485,"y":-75.64845275878906,"z":27.250749588012697},"rotation":{"x":0.30573877692222597,"y":-0.5504345893859863,"z":0.22648003697395326,"w":0.7431765198707581},"size":59.36433792114258,"orthographic":false}