{"cameraMode":{"drawMode":0,"name":"Shaded","section":"Shading Mode"},"sceneLighting":true,"audioPlay":false,"sceneViewState":{"showFog":true,"showMaterialUpdate":false,"showSkybox":false,"showFlares":true,"showImageEffects":true,"showParticleSystems":true},"in2DMode":false,"pivot":{"x":-0.020981788635253907,"y":0.556999921798706,"z":-10.649999618530274},"rotation":{"x":-0.12763206660747529,"y":-0.48858290910720827,"z":0.07248910516500473,"w":-0.8601112365722656},"size":34.87777328491211,"orthographic":true}