{"cameraMode":{"drawMode":0,"name":"Shaded","section":"Shading Mode"},"sceneLighting":false,"audioPlay":false,"sceneViewState":{"showFog":true,"showMaterialUpdate":false,"showSkybox":false,"showFlares":true,"showImageEffects":true,"showParticleSystems":true},"in2DMode":false,"pivot":{"x":361.35504150390627,"y":131.66090393066407,"z":211.80618286132813},"rotation":{"x":-0.10384760051965714,"y":0.8826709389686585,"z":-0.2317967414855957,"w":-0.39544677734375},"size":0.8660253882408142,"orthographic":false}