{"cameraMode":{"drawMode":0,"name":"Shaded","section":"Shading Mode"},"sceneLighting":true,"audioPlay":false,"sceneViewState":{"showFog":true,"showMaterialUpdate":false,"showSkybox":true,"showFlares":true,"showImageEffects":true,"showParticleSystems":true},"in2DMode":false,"pivot":{"x":-105.47087860107422,"y":53.83016586303711,"z":-73.65361022949219},"rotation":{"x":-0.12763206660747529,"y":-0.48858290910720827,"z":0.07248910516500473,"w":-0.8601112365722656},"size":39.744625091552737,"orthographic":true}