{"cameraMode":{"drawMode":0,"name":"Shaded","section":"Shading Mode"},"sceneLighting":true,"audioPlay":false,"sceneViewState":{"showFog":true,"showMaterialUpdate":false,"showSkybox":true,"showFlares":true,"showImageEffects":true,"showParticleSystems":true},"in2DMode":false,"pivot":{"x":3.5869245529174806,"y":3.324098825454712,"z":23.116016387939454},"rotation":{"x":0.00033152697142213583,"y":-0.9990367889404297,"z":0.0437951497733593,"w":0.00778857572004199},"size":5.368509292602539,"orthographic":true}