{"cameraMode":{"drawMode":0,"name":"Shaded","section":"Shading Mode"},"sceneLighting":true,"audioPlay":false,"sceneViewState":{"showFog":true,"showMaterialUpdate":false,"showSkybox":true,"showFlares":true,"showImageEffects":true,"showParticleSystems":true},"in2DMode":false,"pivot":{"x":43.90522766113281,"y":20.18735122680664,"z":-56.833839416503909},"rotation":{"x":0.4062979817390442,"y":-0.3639999330043793,"z":0.1807406097650528,"w":0.8184223771095276},"size":5.368509292602539,"orthographic":false}