{"cameraMode":{"drawMode":0,"name":"Shaded","section":"Shading Mode"},"sceneLighting":true,"audioPlay":false,"sceneViewState":{"showFog":true,"showMaterialUpdate":false,"showSkybox":true,"showFlares":true,"showImageEffects":true,"showParticleSystems":true},"in2DMode":false,"pivot":{"x":3.5869245529174806,"y":3.324098825454712,"z":23.116016387939454},"rotation":{"x":0.0013810541713610292,"y":-0.9916197657585144,"z":0.1289452165365219,"w":0.010706931352615357},"size":5.368509292602539,"orthographic":true}