{"cameraMode":{"drawMode":0,"name":"Shaded","section":"Shading Mode"},"sceneLighting":false,"audioPlay":false,"sceneViewState":{"showFog":true,"showMaterialUpdate":false,"showSkybox":false,"showFlares":true,"showImageEffects":true,"showParticleSystems":true},"in2DMode":false,"pivot":{"x":-2.051622152328491,"y":-1.0545281171798707,"z":0.5201621055603027},"rotation":{"x":-0.17995984852313996,"y":0.5907204151153565,"z":-0.13726045191287995,"w":-0.7744832038879395},"size":2.36602520942688,"orthographic":false}