{"cameraMode":{"drawMode":0,"name":"Shaded","section":"Shading Mode"},"sceneLighting":false,"audioPlay":false,"sceneViewState":{"showFog":true,"showMaterialUpdate":false,"showSkybox":false,"showFlares":true,"showImageEffects":true,"showParticleSystems":true},"in2DMode":false,"pivot":{"x":0.3886880874633789,"y":0.08121389150619507,"z":-0.09786516427993775},"rotation":{"x":0.10262718051671982,"y":-0.6169790625572205,"z":0.08148207515478134,"w":0.7760929465293884},"size":0.5955168008804321,"orthographic":false}