{"cameraMode":{"drawMode":0,"name":"Shaded","section":"Shading Mode"},"sceneLighting":false,"audioPlay":false,"sceneViewState":{"showFog":true,"showMaterialUpdate":false,"showSkybox":false,"showFlares":true,"showImageEffects":true,"showParticleSystems":true},"in2DMode":false,"pivot":{"x":0.05481833219528198,"y":1.121545433998108,"z":-10.520798683166504},"rotation":{"x":-0.33399826288223269,"y":0.3537837862968445,"z":-0.1369321495294571,"w":-0.8628801107406616},"size":0.8660253882408142,"orthographic":false}