{"cameraMode":{"drawMode":0,"name":"Shaded","section":"Shading Mode"},"sceneLighting":false,"audioPlay":false,"sceneViewState":{"showFog":true,"showMaterialUpdate":false,"showSkybox":false,"showFlares":true,"showImageEffects":true,"showParticleSystems":true},"in2DMode":false,"pivot":{"x":1.5734717845916749,"y":-0.3356768786907196,"z":0.7580997943878174},"rotation":{"x":0.0858636274933815,"y":0.43062740564346316,"z":-0.041280634701251987,"w":0.8975784778594971},"size":2.5368099212646486,"orthographic":false}