{"cameraMode":{"drawMode":0,"name":"Shaded","section":"Shading Mode"},"sceneLighting":false,"audioPlay":false,"sceneViewState":{"showFog":true,"showMaterialUpdate":false,"showSkybox":true,"showFlares":true,"showImageEffects":true,"showParticleSystems":true},"in2DMode":false,"pivot":{"x":-9.56147575378418,"y":-4.285933017730713,"z":-3.7027623653411867},"rotation":{"x":0.08278249204158783,"y":0.5017459392547607,"z":-0.04831543192267418,"w":0.8596898913383484},"size":52.45244598388672,"orthographic":true}