{"cameraMode":{"drawMode":0,"name":"Shaded","section":"Shading Mode"},"sceneLighting":false,"audioPlay":false,"sceneViewState":{"showFog":true,"showMaterialUpdate":false,"showSkybox":true,"showFlares":true,"showImageEffects":true,"showParticleSystems":true},"in2DMode":false,"pivot":{"x":0.15862447023391725,"y":0.2818199098110199,"z":-2.9972422122955324},"rotation":{"x":-0.05652943253517151,"y":0.9382873177528381,"z":-0.28776293992996218,"w":-0.18386749923229218},"size":85.47831726074219,"orthographic":false}