{"cameraMode":{"drawMode":0,"name":"Shaded","section":"Shading Mode"},"sceneLighting":false,"audioPlay":false,"sceneViewState":{"showFog":true,"showMaterialUpdate":false,"showSkybox":true,"showFlares":true,"showImageEffects":true,"showParticleSystems":true},"in2DMode":false,"pivot":{"x":0.15862447023391725,"y":0.2818199098110199,"z":-2.9972422122955324},"rotation":{"x":0.2166828066110611,"y":-0.009938858449459076,"z":0.002129104919731617,"w":0.9762700796127319},"size":1.8449902534484864,"orthographic":false}