{"cameraMode":{"drawMode":0,"name":"Shaded","section":"Shading Mode"},"sceneLighting":false,"audioPlay":false,"sceneViewState":{"showFog":true,"showMaterialUpdate":false,"showSkybox":true,"showFlares":true,"showImageEffects":true,"showParticleSystems":true},"in2DMode":false,"pivot":{"x":-1.0267906188964844,"y":1.1129150390625,"z":-4.09130859375},"rotation":{"x":-0.08055540174245835,"y":-0.09345050156116486,"z":0.007578606251627207,"w":-0.9923511743545532},"size":3.694673538208008,"orthographic":true}