{"cameraMode":{"drawMode":0,"name":"Shaded","section":"Shading Mode"},"sceneLighting":false,"audioPlay":false,"sceneViewState":{"showFog":true,"showMaterialUpdate":false,"showSkybox":false,"showFlares":true,"showImageEffects":true,"showParticleSystems":true},"in2DMode":false,"pivot":{"x":-0.07834919542074204,"y":0.31309443712234499,"z":-0.04099541902542114},"rotation":{"x":0.3898407816886902,"y":0.06236221641302109,"z":-0.02658279612660408,"w":0.9184696078300476},"size":0.5955168008804321,"orthographic":false}