{"cameraMode":{"drawMode":0,"name":"Shaded","section":"Shading Mode"},"sceneLighting":false,"audioPlay":false,"sceneViewState":{"showFog":true,"showMaterialUpdate":false,"showSkybox":false,"showFlares":true,"showImageEffects":true,"showParticleSystems":true},"in2DMode":false,"pivot":{"x":0.12530000507831574,"y":0.02810000069439411,"z":-0.1285499930381775},"rotation":{"x":0.2166828066110611,"y":-0.009938858449459076,"z":0.002129104919731617,"w":0.9762700796127319},"size":0.7368101477622986,"orthographic":false}