{"cameraMode":{"drawMode":0,"name":"Shaded","section":"Shading Mode"},"sceneLighting":true,"audioPlay":false,"sceneViewState":{"showFog":true,"showMaterialUpdate":false,"showSkybox":true,"showFlares":true,"showImageEffects":true,"showParticleSystems":true},"in2DMode":false,"pivot":{"x":521.735107421875,"y":254.36708068847657,"z":-86.33851623535156},"rotation":{"x":0.0530858151614666,"y":-0.0014780720230191947,"z":-0.00003131918128929101,"w":0.9986393451690674},"size":27.266841888427736,"orthographic":false}