{"cameraMode":{"drawMode":0,"name":"Shaded","section":"Shading Mode"},"sceneLighting":false,"audioPlay":false,"sceneViewState":{"showFog":true,"showMaterialUpdate":false,"showSkybox":true,"showFlares":true,"showImageEffects":true,"showParticleSystems":true},"in2DMode":false,"pivot":{"x":-0.2033122181892395,"y":0.2370632290840149,"z":4.046974182128906},"rotation":{"x":0.1236003115773201,"y":-0.0011622433084994555,"z":0.00006681153172394261,"w":0.9924039244651794},"size":155.85792541503907,"orthographic":false}