{"cameraMode":{"drawMode":0,"name":"Shaded","section":"Shading Mode"},"sceneLighting":true,"audioPlay":false,"sceneViewState":{"showFog":true,"showMaterialUpdate":false,"showSkybox":true,"showFlares":true,"showImageEffects":true,"showParticleSystems":true},"in2DMode":false,"pivot":{"x":2.414304256439209,"y":-3.2890286445617677,"z":14.372265815734864},"rotation":{"x":-0.12863604724407197,"y":-0.06926237046718598,"z":0.009015191346406937,"w":-0.9892392754554749},"size":12.4004545211792,"orthographic":false}