{"cameraMode":{"drawMode":0,"name":"Shaded","section":"Shading Mode"},"sceneLighting":true,"audioPlay":false,"sceneViewState":{"showFog":true,"showMaterialUpdate":false,"showSkybox":true,"showFlares":true,"showImageEffects":true,"showParticleSystems":true},"in2DMode":false,"pivot":{"x":-3.9654500484466554,"y":-2.3802924156188967,"z":59.08759689331055},"rotation":{"x":0.011451431550085545,"y":-0.9575760364532471,"z":0.2855510115623474,"w":0.038235388696193698},"size":14.860950469970704,"orthographic":false}