{"cameraMode":{"drawMode":0,"name":"Shaded","section":"Shading Mode"},"sceneLighting":false,"audioPlay":false,"sceneViewState":{"showFog":true,"showMaterialUpdate":false,"showSkybox":true,"showFlares":true,"showImageEffects":true,"showParticleSystems":true},"in2DMode":false,"pivot":{"x":-9.56147575378418,"y":-4.285933017730713,"z":-3.7027623653411867},"rotation":{"x":-0.06957554072141648,"y":-0.8562464118003845,"z":0.4976702332496643,"w":-0.11970653384923935},"size":52.45244598388672,"orthographic":true}