{"cameraMode":{"drawMode":0,"name":"Shaded","section":"Shading Mode"},"sceneLighting":false,"audioPlay":false,"sceneViewState":{"showFog":true,"showMaterialUpdate":false,"showSkybox":false,"showFlares":true,"showImageEffects":true,"showParticleSystems":true},"in2DMode":false,"pivot":{"x":-1.8860329389572144,"y":0.26230716705322268,"z":-9.960134506225586},"rotation":{"x":-0.05569961667060852,"y":0.593045711517334,"z":-0.04115826264023781,"w":-0.8022046089172363},"size":1.7660253047943116,"orthographic":false}