{"cameraMode":{"drawMode":0,"name":"Shaded","section":"Shading Mode"},"sceneLighting":false,"audioPlay":false,"sceneViewState":{"showFog":true,"showMaterialUpdate":false,"showSkybox":true,"showFlares":true,"showImageEffects":true,"showParticleSystems":true},"in2DMode":false,"pivot":{"x":38.94434356689453,"y":49.7585334777832,"z":-46.74435806274414},"rotation":{"x":-0.47925543785095217,"y":0.4513644278049469,"z":-0.31685805320739748,"w":-0.6828470230102539},"size":9.109627723693848,"orthographic":true}