{"cameraMode":{"drawMode":0,"name":"Shaded","section":"Shading Mode"},"sceneLighting":true,"audioPlay":false,"sceneViewState":{"showFog":true,"showMaterialUpdate":false,"showSkybox":true,"showFlares":true,"showImageEffects":true,"showParticleSystems":true},"in2DMode":false,"pivot":{"x":7.084710121154785,"y":-11.035811424255371,"z":9.168678283691407},"rotation":{"x":-0.31098267436027529,"y":-0.20676268637180329,"z":0.06951940059661865,"w":-0.9250548481941223},"size":11.866463661193848,"orthographic":false}