{"cameraMode":{"drawMode":0,"name":"Shaded","section":"Shading Mode"},"sceneLighting":true,"audioPlay":false,"sceneViewState":{"showFog":true,"showMaterialUpdate":false,"showSkybox":true,"showFlares":true,"showImageEffects":true,"showParticleSystems":true},"in2DMode":false,"pivot":{"x":13.863151550292969,"y":46.11295700073242,"z":-23.63270378112793},"rotation":{"x":-0.21138696372509004,"y":-0.3628961145877838,"z":0.08489430695772171,"w":-0.9035773873329163},"size":76.64021301269531,"orthographic":false}