{"cameraMode":{"drawMode":0,"name":"Shaded","section":"Shading Mode"},"sceneLighting":false,"audioPlay":false,"sceneViewState":{"showFog":true,"showMaterialUpdate":false,"showSkybox":true,"showFlares":true,"showImageEffects":true,"showParticleSystems":true},"in2DMode":false,"pivot":{"x":192.06948852539063,"y":241.72769165039063,"z":-29.868934631347658},"rotation":{"x":-0.055469393730163577,"y":0.006596224382519722,"z":-0.00037388113560155034,"w":-0.9984588623046875},"size":184.2589874267578,"orthographic":true}