{"cameraMode":{"drawMode":0,"name":"Shaded","section":"Shading Mode"},"sceneLighting":true,"audioPlay":false,"sceneViewState":{"showFog":true,"showMaterialUpdate":false,"showSkybox":true,"showFlares":true,"showImageEffects":true,"showParticleSystems":true},"in2DMode":false,"pivot":{"x":0.242950439453125,"y":-10.596269607543946,"z":0.45452117919921877},"rotation":{"x":0.083159901201725,"y":0.9012520909309387,"z":-0.19977611303329469,"w":0.37551769614219668},"size":74.55770111083985,"orthographic":false}