{"cameraMode":{"drawMode":0,"name":"Shaded","section":"Shading Mode"},"sceneLighting":false,"audioPlay":false,"sceneViewState":{"showFog":true,"showMaterialUpdate":false,"showSkybox":false,"showFlares":true,"showImageEffects":true,"showParticleSystems":true},"in2DMode":false,"pivot":{"x":0.15700000524520875,"y":0.05900000035762787,"z":-0.257999986410141},"rotation":{"x":0.11023692041635513,"y":-0.18786121904850007,"z":0.02122286520898342,"w":0.9757635593414307},"size":1.417272686958313,"orthographic":true}